{
  "project_info": {
    "project_number": "8310892638",
    "project_id": "mr-bot-85dd0",
    "storage_bucket": "mr-bot-85dd0.appspot.com"
  },
  "client": [
    {
      "client_info": {
        "mobilesdk_app_id": "1:8310892638:android:801c95c3199dc63caeeccf",
        "android_client_info": {
          "package_name": "com.automation.mrbot"
        }
      },
      "oauth_client": [],
      "api_key": [
        {
          "current_key": "AIzaSyANYh-kOVP0U02b557xL_Xp5EIdbkr6V18"
        }
      ],
      "services": {
        "appinvite_service": {
          "other_platform_oauth_client": []
        }
      }
    }
  ],
  "configuration_version": "1"
}