{
  "project_info": {
    "project_number": "692614984071",
    "project_id": "login-signup-3a29d",
    "storage_bucket": "login-signup-3a29d.appspot.com"
  },
  "client": [
    {
      "client_info": {
        "mobilesdk_app_id": "1:692614984071:android:cbc442f967e4be5e9ae322",
        "android_client_info": {
          "package_name": "com.example.login_signup"
        }
      },
      "oauth_client": [],
      "api_key": [
        {
          "current_key": "AIzaSyAaSAOP0gjqMQoRWVnPUDSXW82h1XabFkk"
        }
      ],
      "services": {
        "appinvite_service": {
          "other_platform_oauth_client": []
        }
      }
    }
  ],
  "configuration_version": "1"
}