{
  "project_info": {
    "project_number": "715619007048",
    "project_id": "login-resister",
    "storage_bucket": "login-resister.appspot.com"
  },
  "client": [
    {
      "client_info": {
        "mobilesdk_app_id": "1:715619007048:android:edf3b240f86df29a22367d",
        "android_client_info": {
          "package_name": "com.iloveyourifajanpakiamar.login_register"
        }
      },
      "oauth_client": [
        {
          "client_id": "715619007048-0mjn42juguh9o7gmdhr3pp4gr1hd0krn.apps.googleusercontent.com",
          "client_type": 3
        }
      ],
      "api_key": [
        {
          "current_key": "AIzaSyD_TybIUrjRo4MRHJyavxAJR6fN0AFJmb8"
        }
      ],
      "services": {
        "appinvite_service": {
          "other_platform_oauth_client": [
            {
              "client_id": "715619007048-0mjn42juguh9o7gmdhr3pp4gr1hd0krn.apps.googleusercontent.com",
              "client_type": 3
            }
          ]
        }
      }
    }
  ],
  "configuration_version": "1"
}